"class","fam","tf","sum"
"ARID","ARID","ARID5B",9
"bHLH","bHLH-ZIP","MAX",445
"bHLH","bHLH-ZIP","MITF",553
"bHLH","bHLH-ZIP","MLX",75
"bHLH","bHLH-ZIP","MLXIPL",211
"bHLH","bHLH-ZIP","MNT",53
"bHLH","bHLH-ZIP","MXI1",258
"bHLH","bHLH-ZIP","MYC",685
"bHLH","bHLH-ZIP","MYCN",198
"bHLH","bHLH-ZIP","SREBF1",698
"bHLH","bHLH-ZIP","SREBF2",497
"bHLH","bHLH-ZIP","TFAP4",707
"bHLH","bHLH-ZIP","TFE3",453
"bHLH","bHLH-ZIP","TFEB",274
"bHLH","bHLH-ZIP","TFEC",74
"bHLH","bHLH-ZIP","USF1",67
"bHLH","bHLH-ZIP","USF2",33
"bHLH","E2A","TCF12",802
"bHLH","E2A","TCF3",787
"bHLH","E2A","TCF4",1018
"bHLH","Hairy","BHLHE40",209
"bHLH","Hairy","BHLHE41",104
"bHLH","Hairy","HES2",88
"bHLH","Hairy","HES5",308
"bHLH","Hairy","HES6",371
"bHLH","Hairy","HEY1",485
"bHLH","Hairy","HEY2",337
"bHLH","Hairy","HES1",168
"bHLH","Hairy","HES7",12
"bHLH","MyoD_ASC","ASCL1",833
"bHLH","MyoD_ASC","MYF5",31
"bHLH","MyoD_ASC","MYF6",521
"bHLH","MyoD_ASC","MYOD1",101
"bHLH","MyoD_ASC","MYOG",130
"bHLH","PAS","AHR",6
"bHLH","PAS","ARNT2",93
"bHLH","PAS","ARNTL",93
"bHLH","PAS","CLOCK",183
"bHLH","PAS","HIF1A",569
"bHLH","PAS","TCFL5",39
"bHLH","PAS","ARNT",30
"bHLH","PAS","EPAS1",54
"bHLH","PAS","SOHLH2",17
"bHLH","Tal","ATOH1",295
"bHLH","Tal","ATOH7",92
"bHLH","Tal","BHLHA15",276
"bHLH","Tal","FIGLA",75
"bHLH","Tal","HAND2",423
"bHLH","Tal","LYL1",33
"bHLH","Tal","MSC",147
"bHLH","Tal","NEUROD1",450
"bHLH","Tal","NEUROD2",183
"bHLH","Tal","NEUROG1",60
"bHLH","Tal","NEUROG2",433
"bHLH","Tal","NHLH1",197
"bHLH","Tal","OLIG2",163
"bHLH","Tal","TAL1",29
"bHLH","Tal","TWIST1",183
"bHLH","Tal","BHLHE22",188
"bHLH","Tal","BHLHE23",29
"bHLH","Tal","FERD3L",3
"bHLH","Tal","OLIG1",81
"bHLH","Tal","OLIG3",50
"bHLH","Tal","TCF21",27
"bHLH","Tal","PTF1A",21
"bHLH","Tal","NHLH2",2
"bHSH","AP-2","TFAP2A",295
"bHSH","AP-2","TFAP2B",940
"bHSH","AP-2","TFAP2C",394
"bHSH","AP-2","TFAP2E",36
"bZIP","ATF-4","ATF4",73
"bZIP","B-ATF","BATF",139
"bZIP","B-ATF","BATF3",98
"bZIP","CEBP","CEBPA",170
"bZIP","CEBP","CEBPB",142
"bZIP","CEBP","CEBPD",235
"bZIP","CEBP","CEBPE",62
"bZIP","CEBP","CEBPG",290
"bZIP","CEBP","DBP",50
"bZIP","CEBP","NFIL3",46
"bZIP","CEBP","TEF",10
"bZIP","CEBP","HLF",12
"bZIP","CREB","ATF1",44
"bZIP","CREB","ATF6",54
"bZIP","CREB","CREB1",79
"bZIP","CREB","CREB3",7
"bZIP","CREB","CREB3L1",6
"bZIP","CREB","CREB3L4",28
"bZIP","CREB","CREM",95
"bZIP","Fos","ATF3",170
"bZIP","Fos","FOS",700
"bZIP","Fos","FOSB",217
"bZIP","Fos","FOSL1",186
"bZIP","Fos","FOSL2",276
"bZIP","Fos","JDP2",170
"bZIP","Jun","ATF2",63
"bZIP","Jun","BACH1",113
"bZIP","Jun","BACH2",344
"bZIP","Jun","JUN",477
"bZIP","Jun","JUNB",274
"bZIP","Jun","JUND",293
"bZIP","Jun","NFE2",243
"bZIP","Jun","NFE2L1",250
"bZIP","Jun","NFE2L2",31
"bZIP","Maf","MAFB",558
"bZIP","Maf","MAFK",53
"bZIP","Maf","MAF",50
"bZIP","Maf","NRL",6
"bZIP","Maf","MAFF",21
"bZIP","Maf","MAFA",1
"bZIP","XBP-1","XBP1",8
"C2CH THAP-type","THAP","THAP1",48
"C2CH THAP-type","THAP","THAP11",1
"C2H2","mul_dis_zinc","HIC1",89
"C2H2","mul_dis_zinc","HIC2",48
"C2H2","mul_dis_zinc","IKZF1",990
"C2H2","mul_dis_zinc","INSM1",102
"C2H2","mul_dis_zinc","MECOM",15
"C2H2","mul_dis_zinc","PATZ1",226
"C2H2","mul_dis_zinc","RREB1",3
"C2H2","mul_dis_zinc","SALL4",1303
"C2H2","mul_dis_zinc","ZBTB17",15
"C2H2","mul_dis_zinc","BCL11A",26
"C2H2","mul_dis_zinc","REST",12
"C2H2","mul_dis_zinc","BNC2",24
"C2H2","mul_dis_zinc","ZNF211",1
"C2H2","mul_dis_zinc","ZNF341",12
"C2H2","mul_dis_zinc","ZFP57",2
"C2H2","mul_dis_zinc","ZNF467",2
"C2H2","mul_dis_zinc","ZNF335",1
"C2H2","mul_dis_zinc","PRDM9",4
"C2H2","mul_dis_zinc","ZFP14",2
"C2H2","mul_dis_zinc","ZKSCAN5",2
"C2H2","mul_dis_zinc","ZNF770",65
"C2H2","mul_dis_zinc","HINFP",8
"C2H2","mul_dis_zinc","ZNF784",7
"C2H2","mul_dis_zinc","ZNF574",2
"C2H2","mul_dis_zinc","ZNF382",1
"C2H2","mul_dis_zinc","ZNF418",2
"C2H2","mul_dis_zinc","ZNF134",1
"C2H2","M_thr-adj","BCL6",40
"C2H2","M_thr-adj","CTCF",70
"C2H2","M_thr-adj","CTCFL",100
"C2H2","M_thr-adj","GFI1",788
"C2H2","M_thr-adj","GFI1B",339
"C2H2","M_thr-adj","GLI3",145
"C2H2","M_thr-adj","GLIS3",8
"C2H2","M_thr-adj","MAZ",472
"C2H2","M_thr-adj","MZF1",78
"C2H2","M_thr-adj","OSR2",93
"C2H2","M_thr-adj","OVOL1",86
"C2H2","M_thr-adj","PLAGL2",241
"C2H2","M_thr-adj","PRDM1",967
"C2H2","M_thr-adj","PRDM6",110
"C2H2","M_thr-adj","SNAI1",1867
"C2H2","M_thr-adj","SNAI2",781
"C2H2","M_thr-adj","SNAI3",214
"C2H2","M_thr-adj","VEZF1",140
"C2H2","M_thr-adj","YY1",132
"C2H2","M_thr-adj","ZBTB14",78
"C2H2","M_thr-adj","ZBTB18",93
"C2H2","M_thr-adj","ZBTB7A",167
"C2H2","M_thr-adj","ZBTB7C",3
"C2H2","M_thr-adj","ZFX",211
"C2H2","M_thr-adj","ZIC1",206
"C2H2","M_thr-adj","ZKSCAN1",46
"C2H2","M_thr-adj","ZKSCAN3",2
"C2H2","M_thr-adj","ZNF148",217
"C2H2","M_thr-adj","ZNF263",235
"C2H2","M_thr-adj","ZNF274",11
"C2H2","M_thr-adj","ZNF281",167
"C2H2","M_thr-adj","ZNF384",431
"C2H2","M_thr-adj","ZNF416",53
"C2H2","M_thr-adj","ZNF692",76
"C2H2","M_thr-adj","ZSCAN4",8
"C2H2","M_thr-adj","PLAG1",7
"C2H2","M_thr-adj","PRDM14",22
"C2H2","M_thr-adj","ZBTB7B",5
"C2H2","M_thr-adj","ZFP42",109
"C2H2","M_thr-adj","ZNF317",16
"C2H2","M_thr-adj","ZNF652",41
"C2H2","M_thr-adj","FEZF1",36
"C2H2","M_thr-adj","ZNF24",22
"C2H2","M_thr-adj","ZNF449",44
"C2H2","M_thr-adj","ZIC4",7
"C2H2","M_thr-adj","GLIS2",3
"C2H2","M_thr-adj","ZBTB26",5
"C2H2","M_thr-adj","ZNF331",11
"C2H2","M_thr-adj","ZSCAN29",1
"C2H2","M_thr-adj","ZIC3",31
"C2H2","M_thr-adj","ZNF354C",301
"C2H2","M_thr-adj","ZNF680",4
"C2H2","M_thr-adj","WT1",7
"C2H2","M_thr-adj","ZNF18",6
"C2H2","M_thr-adj","ZNF257",53
"C2H2","M_thr-adj","YY2",19
"C2H2","M_thr-adj","ZNF460",14
"C2H2","M_thr-adj","ZNF549",7
"C2H2","M_thr-adj","ZBTB48",5
"C2H2","M_thr-adj","ZNF264",1
"C2H2","M_thr-adj","ZNF554",1
"C2H2","M_thr-adj","ZNF675",2
"C2H2","M_thr-adj","ZSCAN22",6
"C2H2","M_thr-adj","SCRT1",3
"C2H2","M_thr-adj","ZBTB6",6
"C2H2","M_thr-adj","ZNF135",3
"C2H2","M_thr-adj","ZNF143",8
"C2H2","M_thr-adj","ZNF189",2
"C2H2","M_thr-adj","ZNF282",1
"C2H2","M_thr-adj","ZNF320",4
"C2H2","M_thr-adj","ZNF410",2
"C2H2","M_thr-adj","ZNF530",1
"C2H2","M_thr-adj","ZNF582",1
"C2H2","M_thr-adj","ZNF610",4
"C2H2","M_thr-adj","ZNF667",1
"C2H2","M_thr-adj","ZNF708",1
"C2H2","M_thr-adj","ZNF75D",13
"C2H2","M_thr-adj","ZNF816",2
"C2H2","M_thr-adj","ZNF76",2
"C2H2","M_thr-adj","BCL6B",6
"C2H2","M_thr-adj","MTF1",3
"C2H2","M_thr-adj","ZBTB12",13
"C2H2","M_thr-adj","ZNF121",6
"C2H2","M_thr-adj","GLIS1",2
"C2H2","M_thr-adj","SCRT2",2
"C2H2","M_thr-adj","ZIC5",3
"C2H2","M_thr-adj","ZNF136",3
"C2H2","M_thr-adj","OVOL2",2
"C2H2","M_thr-adj","ZNF454",1
"C2H2","M_thr-adj","ZNF768",2
"C2H2","M_thr-adj","ZFP82",1
"C2H2","M_thr-adj","ZIM3",2
"C2H2","M_thr-adj","ZNF436",1
"C2H2","Three-adj","ZBTB32",141
"C2H2","Three-adj","ZNF740",44
"C2H2","Three-adj","ZBTB33",6
"C2H2","Three-adj","OSR1",50
"C2H2","Three-zinc","EGR1",73
"C2H2","Three-zinc","EGR2",240
"C2H2","Three-zinc","KLF1",370
"C2H2","Three-zinc","KLF10",451
"C2H2","Three-zinc","KLF11",185
"C2H2","Three-zinc","KLF12",626
"C2H2","Three-zinc","KLF14",208
"C2H2","Three-zinc","KLF15",484
"C2H2","Three-zinc","KLF16",314
"C2H2","Three-zinc","KLF2",521
"C2H2","Three-zinc","KLF3",297
"C2H2","Three-zinc","KLF4",1172
"C2H2","Three-zinc","KLF5",808
"C2H2","Three-zinc","KLF6",204
"C2H2","Three-zinc","KLF7",398
"C2H2","Three-zinc","KLF8",334
"C2H2","Three-zinc","KLF9",133
"C2H2","Three-zinc","SP1",541
"C2H2","Three-zinc","SP3",86
"C2H2","Three-zinc","SP4",103
"C2H2","Three-zinc","KLF17",19
"C2H2","Three-zinc","SP5",204
"C2H2","Three-zinc","SP8",27
"C2H2","Three-zinc","SP9",28
"C2H2","Three-zinc","SP2",107
"C2H2","Three-zinc","EGR4",7
"C2H2","Three-zinc","KLF13",4
"C2H2","Three-zinc","EGR3",1
"DM-type intertwined zinc finger","DMRT","DMRTA2",59
"DM-type intertwined zinc finger","DMRT","DMRT3",166
"DM-type intertwined zinc finger","DMRT","DMRTA1",36
"DM-type intertwined zinc finger","DMRT","DMRTC2",41
"Fork head   winged helix","E2F","E2F1",124
"Fork head   winged helix","E2F","E2F2",149
"Fork head   winged helix","E2F","E2F3",201
"Fork head   winged helix","E2F","E2F4",79
"Fork head   winged helix","E2F","E2F5",39
"Fork head   winged helix","E2F","E2F6",114
"Fork head   winged helix","E2F","TFDP1",233
"Fork head   winged helix","E2F","E2F8",14
"Fork head   winged helix","E2F","E2F7",27
"Fork head   winged helix","FOX","FOXA1",513
"Fork head   winged helix","FOX","FOXA2",673
"Fork head   winged helix","FOX","FOXA3",337
"Fork head   winged helix","FOX","FOXC1",566
"Fork head   winged helix","FOX","FOXC2",332
"Fork head   winged helix","FOX","FOXD1",920
"Fork head   winged helix","FOX","FOXD3",59
"Fork head   winged helix","FOX","FOXE1",63
"Fork head   winged helix","FOX","FOXF2",18
"Fork head   winged helix","FOX","FOXG1",1268
"Fork head   winged helix","FOX","FOXH1",203
"Fork head   winged helix","FOX","FOXI1",1287
"Fork head   winged helix","FOX","FOXJ2",838
"Fork head   winged helix","FOX","FOXK1",1298
"Fork head   winged helix","FOX","FOXK2",200
"Fork head   winged helix","FOX","FOXL1",495
"Fork head   winged helix","FOX","FOXM1",348
"Fork head   winged helix","FOX","FOXN3",612
"Fork head   winged helix","FOX","FOXO1",351
"Fork head   winged helix","FOX","FOXO3",515
"Fork head   winged helix","FOX","FOXO4",1219
"Fork head   winged helix","FOX","FOXO6",1204
"Fork head   winged helix","FOX","FOXP1",1159
"Fork head   winged helix","FOX","FOXP2",994
"Fork head   winged helix","FOX","FOXP3",510
"Fork head   winged helix","FOX","FOXQ1",263
"Fork head   winged helix","FOX","FOXJ3",322
"Fork head   winged helix","FOX","FOXD2",91
"Fork head   winged helix","FOX","FOXB1",186
"Fork head   winged helix","RFX","RFX7",12
"Fork head   winged helix","RFX","RFX3",16
"Fork head   winged helix","RFX","RFX2",4
"Fork head   winged helix","RFX","RFX4",2
"Fork head   winged helix","RFX","RFX1",7
"Fork head   winged helix","RFX","RFX5",1
"GCM","GCM","GCM2",46
"GCM","GCM","GCM1",29
"Grainyhead","CP2","TFCP2",103
"Grainyhead","Grainyhead","GRHL1",19
"Grainyhead","Grainyhead","GRHL2",195
"Heat shock","HSF","HSF1",11
"Heat shock","HSF","HSF2",11
"Heat shock","HSF","HSF4",3
"Heteromeric CCAAT-binding","CCAAT","NFYA",227
"Heteromeric CCAAT-binding","CCAAT","NFYB",142
"Heteromeric CCAAT-binding","CCAAT","NFYC",135
"HMG","SOX","SOX10",1783
"HMG","SOX","SOX12",44
"HMG","SOX","SOX15",806
"HMG","SOX","SOX17",519
"HMG","SOX","SOX18",174
"HMG","SOX","SOX2",1144
"HMG","SOX","SOX3",205
"HMG","SOX","SOX4",719
"HMG","SOX","SOX5",541
"HMG","SOX","SOX8",1127
"HMG","SOX","SOX9",364
"HMG","SOX","SRY",2297
"HMG","SOX","SOX13",214
"HMG","SOX","SOX21",26
"HMG","SOX","SOX14",204
"HMG","TCF-7","LEF1",55
"HMG","TCF-7","TCF7",441
"HMG","TCF-7","TCF7L1",171
"HMG","TCF-7","TCF7L2",103
"HMG","TCF-7","TAF1",10
"Homeo domain","HD-CUT","CUX1",323
"Homeo domain","HD-CUT","ONECUT1",651
"Homeo domain","HD-CUT","CUX2",284
"Homeo domain","HD-CUT","ONECUT3",49
"Homeo domain","HD-CUT","SATB1",17
"Homeo domain","HD-CUT","ONECUT2",3
"Homeo domain","HD-LIM","ISL1",128
"Homeo domain","HD-LIM","LHX2",556
"Homeo domain","HD-LIM","LHX3",204
"Homeo domain","HD-LIM","LMX1A",576
"Homeo domain","HD-LIM","LMX1B",550
"Homeo domain","HD-LIM","ISL2",374
"Homeo domain","HD-LIM","LHX9",592
"Homeo domain","HD-LIM","LHX5",625
"Homeo domain","HD-LIM","LHX6",139
"Homeo domain","HD-PROS","PROX1",42
"Homeo domain","HD-SINE","SIX1",194
"Homeo domain","HD-SINE","SIX2",64
"Homeo domain","HD-ZF","ZEB1",1027
"Homeo domain","HOX","CDX1",1007
"Homeo domain","HOX","CDX2",482
"Homeo domain","HOX","GBX2",174
"Homeo domain","HOX","HOXA1",196
"Homeo domain","HOX","HOXA10",425
"Homeo domain","HOX","HOXA2",192
"Homeo domain","HOX","HOXA4",113
"Homeo domain","HOX","HOXA5",99
"Homeo domain","HOX","HOXA7",104
"Homeo domain","HOX","HOXA9",355
"Homeo domain","HOX","HOXB13",232
"Homeo domain","HOX","HOXB2",68
"Homeo domain","HOX","HOXB3",127
"Homeo domain","HOX","HOXB4",225
"Homeo domain","HOX","HOXB5",45
"Homeo domain","HOX","HOXB6",113
"Homeo domain","HOX","HOXB7",930
"Homeo domain","HOX","HOXB8",210
"Homeo domain","HOX","HOXB9",305
"Homeo domain","HOX","HOXC10",93
"Homeo domain","HOX","HOXC13",121
"Homeo domain","HOX","HOXC8",244
"Homeo domain","HOX","HOXC9",531
"Homeo domain","HOX","HOXD10",93
"Homeo domain","HOX","HOXD12",69
"Homeo domain","HOX","HOXD3",330
"Homeo domain","HOX","HOXD9",241
"Homeo domain","HOX","MEOX1",88
"Homeo domain","HOX","MEOX2",323
"Homeo domain","HOX","MNX1",59
"Homeo domain","HOX","PDX1",156
"Homeo domain","HOX","HOXC4",106
"Homeo domain","HOX","CDX4",93
"Homeo domain","HOX","GSX1",167
"Homeo domain","HOX","EVX1",113
"Homeo domain","HOX","GBX1",64
"Homeo domain","HOX","GSX2",39
"Homeo domain","HOX","HOXA6",183
"Homeo domain","HOX","HOXD11",157
"Homeo domain","HOX","HOXD4",87
"Homeo domain","HOX","HOXA13",108
"Homeo domain","HOX","EVX2",82
"Homeo domain","HOX","HOXD8",90
"Homeo domain","HOX","HOXC11",30
"Homeo domain","HOX","HOXC12",26
"Homeo domain","NK","BARHL1",119
"Homeo domain","NK","BARX1",97
"Homeo domain","NK","DLX3",184
"Homeo domain","NK","DLX6",85
"Homeo domain","NK","EMX1",154
"Homeo domain","NK","EMX2",104
"Homeo domain","NK","EN1",153
"Homeo domain","NK","EN2",268
"Homeo domain","NK","LBX2",23
"Homeo domain","NK","MSX1",732
"Homeo domain","NK","MSX2",699
"Homeo domain","NK","NKX2-1",364
"Homeo domain","NK","NKX2-2",55
"Homeo domain","NK","NKX2-5",606
"Homeo domain","NK","NKX3-1",123
"Homeo domain","NK","NKX3-2",1047
"Homeo domain","NK","NKX6-1",418
"Homeo domain","NK","NKX6-2",143
"Homeo domain","NK","NKX6-3",99
"Homeo domain","NK","VAX1",112
"Homeo domain","NK","DLX1",238
"Homeo domain","NK","LBX1",389
"Homeo domain","NK","NANOG",30
"Homeo domain","NK","BARX2",47
"Homeo domain","NK","BSX",36
"Homeo domain","NK","NKX2-4",188
"Homeo domain","NK","NKX2-8",278
"Homeo domain","NK","TLX2",30
"Homeo domain","NK","BARHL2",41
"Homeo domain","NK","NKX2-3",249
"Homeo domain","NK","VAX2",17
"Homeo domain","NK","NOTO",16
"Homeo domain","NK","VENTX",8
"Homeo domain","P-related_HD","ALX3",232
"Homeo domain","P-related_HD","CRX",32
"Homeo domain","P-related_HD","DUX4",300
"Homeo domain","P-related_HD","ESX1",54
"Homeo domain","P-related_HD","MIXL1",228
"Homeo domain","P-related_HD","OTX1",107
"Homeo domain","P-related_HD","OTX2",380
"Homeo domain","P-related_HD","PHOX2A",306
"Homeo domain","P-related_HD","PHOX2B",46
"Homeo domain","P-related_HD","PITX1",887
"Homeo domain","P-related_HD","PITX2",1297
"Homeo domain","P-related_HD","PRRX1",307
"Homeo domain","P-related_HD","PRRX2",870
"Homeo domain","P-related_HD","UNCX",78
"Homeo domain","P-related_HD","VSX1",92
"Homeo domain","P-related_HD","VSX2",179
"Homeo domain","P-related_HD","GSC",41
"Homeo domain","P-related_HD","NOBOX",35
"Homeo domain","P-related_HD","PITX3",194
"Homeo domain","P-related_HD","RAX",39
"Homeo domain","P-related_HD","ARGFX",474
"Homeo domain","P-related_HD","DPRX",54
"Homeo domain","P-related_HD","PROP1",195
"Homeo domain","P-related_HD","RAX2",21
"Homeo domain","P-related_HD","DRGX",25
"Homeo domain","P-related_HD","DUXA",10
"Homeo domain","P-related_HD","GSC2",12
"Homeo domain","P-related_HD","ALX1",58
"Homeo domain","P-related_HD","HESX1",50
"Homeo domain","P-related_HD","ISX",39
"Homeo domain","P-related_HD","SHOX",42
"Homeo domain","P-related_HD","RHOXF1",38
"Homeo domain","POU","HMBOX1",15
"Homeo domain","POU","HNF1A",36
"Homeo domain","POU","HNF1B",22
"Homeo domain","POU","POU1F1",81
"Homeo domain","POU","POU2F1",290
"Homeo domain","POU","POU2F2",317
"Homeo domain","POU","POU2F3",62
"Homeo domain","POU","POU3F1",191
"Homeo domain","POU","POU3F2",205
"Homeo domain","POU","POU3F4",230
"Homeo domain","POU","POU5F1",808
"Homeo domain","POU","POU5F1B",168
"Homeo domain","POU","POU6F1",432
"Homeo domain","POU","POU6F2",254
"Homeo domain","POU","POU4F3",8
"Homeo domain","POU","POU3F3",69
"Homeo domain","POU","POU4F1",54
"Homeo domain","POU","POU4F2",10
"Homeo domain","TALE-type","MEIS1",912
"Homeo domain","TALE-type","MEIS2",788
"Homeo domain","TALE-type","MEIS3",394
"Homeo domain","TALE-type","PBX1",618
"Homeo domain","TALE-type","PBX3",176
"Homeo domain","TALE-type","PKNOX1",127
"Homeo domain","TALE-type","PKNOX2",90
"Homeo domain","TALE-type","TGIF1",519
"Homeo domain","TALE-type","TGIF2",32
"Homeo domain","TALE-type","PBX2",56
"Homeo domain","TALE-type","TGIF2LX",14
"Homeo domain","TALE-type","TGIF2LY",11
"MADS box","differentiation","MEF2A",377
"MADS box","differentiation","MEF2B",96
"MADS box","differentiation","MEF2C",285
"MADS box","differentiation","MEF2D",381
"MADS box","SRF_RLM1","SRF",24
"Nuclear receptors with C4 zinc fingers","NR1","NR1D1",26
"Nuclear receptors with C4 zinc fingers","NR1","NR1I3",116
"Nuclear receptors with C4 zinc fingers","NR1","PPARA",20
"Nuclear receptors with C4 zinc fingers","NR1","RARA",84
"Nuclear receptors with C4 zinc fingers","NR1","RORA",635
"Nuclear receptors with C4 zinc fingers","NR1","RORC",56
"Nuclear receptors with C4 zinc fingers","NR1","THRA",55
"Nuclear receptors with C4 zinc fingers","NR1","THRB",30
"Nuclear receptors with C4 zinc fingers","NR1","PPARG",34
"Nuclear receptors with C4 zinc fingers","NR1","RORB",63
"Nuclear receptors with C4 zinc fingers","NR1","RARG",16
"Nuclear receptors with C4 zinc fingers","NR1","VDR",8
"Nuclear receptors with C4 zinc fingers","NR1","NR1H3",13
"Nuclear receptors with C4 zinc fingers","NR1","NR1I2",12
"Nuclear receptors with C4 zinc fingers","NR1","PPARD",2
"Nuclear receptors with C4 zinc fingers","NR1","NR1D2",3
"Nuclear receptors with C4 zinc fingers","NR1","RARB",6
"Nuclear receptors with C4 zinc fingers","NR2","HNF4A",192
"Nuclear receptors with C4 zinc fingers","NR2","HNF4G",35
"Nuclear receptors with C4 zinc fingers","NR2","NR2C1",128
"Nuclear receptors with C4 zinc fingers","NR2","NR2C2",127
"Nuclear receptors with C4 zinc fingers","NR2","NR2F1",119
"Nuclear receptors with C4 zinc fingers","NR2","NR2F2",468
"Nuclear receptors with C4 zinc fingers","NR2","RXRA",90
"Nuclear receptors with C4 zinc fingers","NR2","RXRB",341
"Nuclear receptors with C4 zinc fingers","NR2","RXRG",41
"Nuclear receptors with C4 zinc fingers","NR2","NR2F6",11
"Nuclear receptors with C4 zinc fingers","NR2","NR2E3",18
"Nuclear receptors with C4 zinc fingers","NR3","AR",61
"Nuclear receptors with C4 zinc fingers","NR3","ESR1",42
"Nuclear receptors with C4 zinc fingers","NR3","ESRRA",60
"Nuclear receptors with C4 zinc fingers","NR3","ESRRB",412
"Nuclear receptors with C4 zinc fingers","NR3","ESRRG",144
"Nuclear receptors with C4 zinc fingers","NR3","NR3C1",41
"Nuclear receptors with C4 zinc fingers","NR3","PGR",18
"Nuclear receptors with C4 zinc fingers","NR3","NR3C2",3
"Nuclear receptors with C4 zinc fingers","NR3","ESR2",17
"Nuclear receptors with C4 zinc fingers","NR4","NR4A1",443
"Nuclear receptors with C4 zinc fingers","NR4","NR4A2",1086
"Nuclear receptors with C4 zinc fingers","NR5","NR5A1",250
"Nuclear receptors with C4 zinc fingers","NR5","NR5A2",335
"Nuclear receptors with C4 zinc fingers","NR6","NR6A1",21
"Other C4 zinc finger-type","GATA","GATA1",640
"Other C4 zinc finger-type","GATA","GATA2",1225
"Other C4 zinc finger-type","GATA","GATA3",1223
"Other C4 zinc finger-type","GATA","GATA4",1228
"Other C4 zinc finger-type","GATA","GATA5",335
"Other C4 zinc finger-type","GATA","GATA6",182
"Other C4 zinc finger-type","GATA","TRPS1",203
"p53","p53","TP63",18
"p53","p53","TP53",23
"p53","p53","TP73",10
"Paired box","Paired_plus","PAX3",302
"Paired box","Paired_plus","PAX4",274
"Paired box","Paired_plus","PAX6",94
"Paired box","Paired","PAX5",173
"Paired box","Paired","PAX2",1
"Paired box","Paired","PAX9",1
"RHR","B-Cell","EBF1",136
"RHR","B-Cell","EBF3",17
"RHR","CSL","RBPJ",794
"RHR","NF-kappaB","NFKB1",399
"RHR","NF-kappaB","NFKB2",268
"RHR","NF-kappaB","REL",514
"RHR","NF-kappaB","RELA",931
"RHR","NF-kappaB","RELB",236
"RHR","NFAT","NFATC1",176
"RHR","NFAT","NFATC2",333
"RHR","NFAT","NFATC3",291
"RHR","NFAT","NFATC4",912
"Runt","Runt","RUNX1",523
"Runt","Runt","RUNX2",232
"Runt","Runt","RUNX3",806
"SAND","GMEB","GMEB2",41
"SMAD NF-1","Nuclear","NFIA",626
"SMAD NF-1","Nuclear","NFIC",351
"SMAD NF-1","Nuclear","NFIX",86
"SMAD NF-1","Nuclear","NFIB",22
"SMAD NF-1","SMAD","SMAD2",749
"SMAD NF-1","SMAD","SMAD3",840
"SMAD NF-1","SMAD","SMAD4",58
"SMAD NF-1","SMAD","SMAD5",321
"STAT","STAT","STAT1",478
"STAT","STAT","STAT2",19
"STAT","STAT","STAT3",781
"STAT","STAT","STAT5A",403
"STAT","STAT","STAT5B",194
"STAT","STAT","STAT6",292
"STAT","STAT","STAT4",99
"T-Box","Brachyury","TBXT",2
"T-Box","TBrain","EOMES",111
"T-Box","TBrain","TBR1",902
"T-Box","TBrain","TBX21",424
"T-Box","TBX1","TBX15",522
"T-Box","TBX1","TBX18",131
"T-Box","TBX1","TBX20",147
"T-Box","TBX1","TBX1",540
"T-Box","TBX2","TBX2",395
"T-Box","TBX2","TBX3",829
"T-Box","TBX2","TBX4",653
"T-Box","TBX2","TBX5",1174
"T-Box","TBX6","MGA",250
"TATA-binding","TBP","TBP",660
"TEA","TEF-1","TEAD1",266
"TEA","TEF-1","TEAD2",81
"TEA","TEF-1","TEAD3",806
"TEA","TEF-1","TEAD4",227
"Tryptophan cluster","Ets","EHF",97
"Tryptophan cluster","Ets","ELF1",27
"Tryptophan cluster","Ets","ELF2",23
"Tryptophan cluster","Ets","ELF3",79
"Tryptophan cluster","Ets","ELF4",71
"Tryptophan cluster","Ets","ELF5",90
"Tryptophan cluster","Ets","ELK1",213
"Tryptophan cluster","Ets","ELK4",233
"Tryptophan cluster","Ets","ERF",138
"Tryptophan cluster","Ets","ERG",58
"Tryptophan cluster","Ets","ETS1",1012
"Tryptophan cluster","Ets","ETS2",359
"Tryptophan cluster","Ets","ETV1",346
"Tryptophan cluster","Ets","ETV2",158
"Tryptophan cluster","Ets","ETV3",341
"Tryptophan cluster","Ets","ETV4",983
"Tryptophan cluster","Ets","ETV5",684
"Tryptophan cluster","Ets","ETV6",475
"Tryptophan cluster","Ets","ETV7",302
"Tryptophan cluster","Ets","FEV",121
"Tryptophan cluster","Ets","FLI1",303
"Tryptophan cluster","Ets","GABPA",100
"Tryptophan cluster","Ets","SPDEF",67
"Tryptophan cluster","Ets","SPI1",65
"Tryptophan cluster","Ets","ELK3",49
"Tryptophan cluster","Ets","SPIB",49
"Tryptophan cluster","Ets","SPIC",4
"Tryptophan cluster","Interferon","IRF6",58
"Tryptophan cluster","Interferon","IRF7",534
"Tryptophan cluster","Interferon","IRF1",19
"Tryptophan cluster","Interferon","IRF3",13
"Tryptophan cluster","Interferon","IRF4",40
"Tryptophan cluster","Interferon","IRF5",9
"Tryptophan cluster","Interferon","IRF8",31
"Tryptophan cluster","Interferon","IRF9",39
"Tryptophan cluster","Interferon","IRF2",46
"Tryptophan cluster","Myb_SANT","MYB",232
"Tryptophan cluster","Myb_SANT","SMARCA1",91
"Tryptophan cluster","Myb_SANT","SMARCA5",15
"Tryptophan cluster","Myb_SANT","MSANTD3",4
"Tryptophan cluster","Myb_SANT","MYBL1",2
"Uncharacterized","NRF","NRF1",2
"unknown","unknown","MBD2",22
"unknown","unknown","MECP2",162
"unknown","unknown","CBFB",55
