"class","fam","tf","sum"
"bZIP","Fos","FOS",962
"bZIP","Fos","ATF3",217
"bZIP","Fos","FOSB",131
"bZIP","Fos","JDP2",149
"bZIP","Fos","FOSL1",102
"bZIP","Fos","FOSL2",45
"bZIP","Jun","JUNB",424
"bZIP","Jun","ATF2",172
"bZIP","Jun","BACH2",192
"bZIP","Jun","NFE2",131
"bZIP","Jun","NFE2L1",72
"bZIP","Jun","BACH1",80
"bZIP","Jun","JUN",372
"bZIP","Jun","JUND",174
"bZIP","Jun","NFE2L2",21
"bZIP","ATF-4","ATF4",22
"bZIP","B-ATF","BATF",78
"bZIP","B-ATF","BATF3",62
"bZIP","CEBP","CEBPA",80
"bZIP","CEBP","CEBPD",72
"bZIP","CEBP","CEBPG",169
"bZIP","CEBP","NFIL3",19
"bZIP","CEBP","DBP",14
"bZIP","CEBP","CEBPE",17
"bZIP","CEBP","HLF",3
"bZIP","CEBP","TEF",2
"bZIP","CEBP","CEBPB",3
"bZIP","CREB","CREB3",34
"bZIP","CREB","ATF6",81
"bZIP","CREB","CREB1",377
"bZIP","CREB","CREM",129
"bZIP","CREB","CREB3L4",57
"bZIP","CREB","CREB3L1",31
"bZIP","CREB","ATF1",87
"bZIP","Maf","MAFB",308
"bZIP","Maf","MAFF",36
"bZIP","Maf","MAFK",11
"bZIP","Maf","MAF",67
"bZIP","Maf","NRL",4
"C2H2","Three-zinc","KLF15",1783
"C2H2","Three-zinc","KLF6",754
"C2H2","Three-zinc","KLF16",795
"C2H2","Three-zinc","KLF8",354
"C2H2","Three-zinc","KLF9",315
"C2H2","Three-zinc","SP1",1996
"C2H2","Three-zinc","EGR1",253
"C2H2","Three-zinc","EGR2",593
"C2H2","Three-zinc","KLF12",1868
"C2H2","Three-zinc","KLF4",1892
"C2H2","Three-zinc","KLF5",2876
"C2H2","Three-zinc","KLF10",1267
"C2H2","Three-zinc","KLF11",487
"C2H2","Three-zinc","KLF14",624
"C2H2","Three-zinc","KLF1",1344
"C2H2","Three-zinc","KLF3",677
"C2H2","Three-zinc","SP3",267
"C2H2","Three-zinc","KLF13",5
"C2H2","Three-zinc","KLF2",702
"C2H2","Three-zinc","KLF7",1485
"C2H2","Three-zinc","SP4",365
"C2H2","Three-zinc","KLF17",17
"C2H2","Three-zinc","SP8",208
"C2H2","Three-zinc","SP5",450
"C2H2","Three-zinc","SP9",178
"C2H2","Three-zinc","SP2",234
"C2H2","Three-zinc","EGR3",6
"C2H2","Three-zinc","EGR4",3
"C2H2","BED","ZBED1",7
"C2H2","mul_dis_zinc","HIC2",38
"C2H2","mul_dis_zinc","IKZF1",849
"C2H2","mul_dis_zinc","PATZ1",838
"C2H2","mul_dis_zinc","INSM1",97
"C2H2","mul_dis_zinc","HIC1",87
"C2H2","mul_dis_zinc","SALL4",1222
"C2H2","mul_dis_zinc","RREB1",8
"C2H2","mul_dis_zinc","BCL11A",55
"C2H2","mul_dis_zinc","HINFP",11
"C2H2","mul_dis_zinc","ZNF770",14
"C2H2","mul_dis_zinc","MECOM",27
"C2H2","mul_dis_zinc","ZNF417",1
"C2H2","mul_dis_zinc","ZBTB17",8
"C2H2","mul_dis_zinc","ZNF341",13
"C2H2","mul_dis_zinc","ZNF8",7
"C2H2","mul_dis_zinc","ZKSCAN5",1
"C2H2","mul_dis_zinc","ZNF784",7
"C2H2","mul_dis_zinc","BNC2",2
"C2H2","mul_dis_zinc","ZNF574",2
"C2H2","mul_dis_zinc","PRDM9",4
"C2H2","mul_dis_zinc","ZFP57",1
"C2H2","mul_dis_zinc","ZNF382",1
"C2H2","mul_dis_zinc","ZNF467",2
"C2H2","M_thr-adj","CTCF",212
"C2H2","M_thr-adj","MAZ",1068
"C2H2","M_thr-adj","PRDM1",1090
"C2H2","M_thr-adj","SNAI1",1570
"C2H2","M_thr-adj","SNAI2",496
"C2H2","M_thr-adj","ZKSCAN3",3
"C2H2","M_thr-adj","ZBTB14",633
"C2H2","M_thr-adj","ZNF93",12
"C2H2","M_thr-adj","ZNF692",157
"C2H2","M_thr-adj","ZNF263",478
"C2H2","M_thr-adj","CTCFL",397
"C2H2","M_thr-adj","GFI1",429
"C2H2","M_thr-adj","GFI1B",235
"C2H2","M_thr-adj","GLI3",168
"C2H2","M_thr-adj","MZF1",111
"C2H2","M_thr-adj","OVOL1",41
"C2H2","M_thr-adj","PLAG1",74
"C2H2","M_thr-adj","PLAGL2",341
"C2H2","M_thr-adj","PRDM6",87
"C2H2","M_thr-adj","SNAI3",310
"C2H2","M_thr-adj","VEZF1",233
"C2H2","M_thr-adj","YY1",231
"C2H2","M_thr-adj","YY2",115
"C2H2","M_thr-adj","ZBTB7A",226
"C2H2","M_thr-adj","ZFX",747
"C2H2","M_thr-adj","ZIC3",82
"C2H2","M_thr-adj","ZKSCAN1",74
"C2H2","M_thr-adj","ZNF148",326
"C2H2","M_thr-adj","ZNF281",218
"C2H2","M_thr-adj","ZNF384",294
"C2H2","M_thr-adj","ZNF436",2
"C2H2","M_thr-adj","BCL6",33
"C2H2","M_thr-adj","OSR2",125
"C2H2","M_thr-adj","ZBTB18",139
"C2H2","M_thr-adj","ZNF416",54
"C2H2","M_thr-adj","ZSCAN4",7
"C2H2","M_thr-adj","ZNF354C",423
"C2H2","M_thr-adj","BCL6B",10
"C2H2","M_thr-adj","ZNF652",19
"C2H2","M_thr-adj","WT1",63
"C2H2","M_thr-adj","ZFP42",145
"C2H2","M_thr-adj","ZIC1",241
"C2H2","M_thr-adj","SCRT2",14
"C2H2","M_thr-adj","ZIC5",5
"C2H2","M_thr-adj","ZBTB7C",9
"C2H2","M_thr-adj","GLIS2",52
"C2H2","M_thr-adj","ZNF331",18
"C2H2","M_thr-adj","FEZF1",64
"C2H2","M_thr-adj","ZBTB6",15
"C2H2","M_thr-adj","ZIC4",61
"C2H2","M_thr-adj","ZNF682",2
"C2H2","M_thr-adj","ZBTB48",16
"C2H2","M_thr-adj","ZNF121",1
"C2H2","M_thr-adj","ZBTB7B",23
"C2H2","M_thr-adj","ZNF449",26
"C2H2","M_thr-adj","MTF1",1
"C2H2","M_thr-adj","ZNF257",19
"C2H2","M_thr-adj","ZSCAN29",1
"C2H2","M_thr-adj","ZSCAN31",1
"C2H2","M_thr-adj","ZNF460",3
"C2H2","M_thr-adj","ZNF667",10
"C2H2","M_thr-adj","ZNF214",8
"C2H2","M_thr-adj","ZNF549",11
"C2H2","M_thr-adj","ZNF282",2
"C2H2","M_thr-adj","ZNF24",18
"C2H2","M_thr-adj","ZNF75D",8
"C2H2","M_thr-adj","ZNF610",10
"C2H2","M_thr-adj","ZNF317",2
"C2H2","M_thr-adj","ZNF530",1
"C2H2","M_thr-adj","ZNF189",2
"C2H2","M_thr-adj","ZNF669",1
"C2H2","M_thr-adj","ZNF320",1
"C2H2","M_thr-adj","ZNF528",5
"C2H2","M_thr-adj","ZNF329",3
"C2H2","M_thr-adj","ZNF324",1
"C2H2","M_thr-adj","ZSCAN22",5
"C2H2","M_thr-adj","ZBTB12",12
"C2H2","M_thr-adj","ZNF684",1
"C2H2","M_thr-adj","GLIS1",3
"C2H2","M_thr-adj","ZNF582",1
"C2H2","M_thr-adj","ZBTB26",2
"C2H2","M_thr-adj","ZNF143",3
"C2H2","M_thr-adj","OVOL2",1
"C2H2","M_thr-adj","ZNF76",1
"C2H2","M_thr-adj","ZNF680",1
"C2H2","M_thr-adj","ZIM3",1
"C2H2","Three-adj","ZBTB32",34
"C2H2","Three-adj","ZNF740",73
"C2H2","Three-adj","ZBTB33",8
"C2H2","Three-adj","OSR1",69
"HMG","TCF-7","TAF1",58
"HMG","TCF-7","TCF7L2",41
"HMG","TCF-7","TCF7L1",248
"HMG","TCF-7","TCF7",214
"HMG","TCF-7","LEF1",37
"HMG","SOX","SOX2",1242
"HMG","SOX","SOX10",1658
"HMG","SOX","SOX17",407
"HMG","SOX","SOX3",154
"HMG","SOX","SOX4",738
"HMG","SOX","SOX5",302
"HMG","SOX","SOX8",1170
"HMG","SOX","SRY",1701
"HMG","SOX","SOX12",56
"HMG","SOX","SOX15",459
"HMG","SOX","SOX9",320
"HMG","SOX","SOX13",117
"HMG","SOX","SOX14",292
"HMG","SOX","SOX18",55
"HMG","SOX","SOX21",5
"Homeo domain","TALE-type","PBX1",513
"Homeo domain","TALE-type","MEIS2",638
"Homeo domain","TALE-type","MEIS1",358
"Homeo domain","TALE-type","MEIS3",228
"Homeo domain","TALE-type","PKNOX2",49
"Homeo domain","TALE-type","TGIF1",298
"Homeo domain","TALE-type","PKNOX1",68
"Homeo domain","TALE-type","PBX3",132
"Homeo domain","TALE-type","TGIF2",11
"Homeo domain","TALE-type","PBX2",6
"Homeo domain","TALE-type","TGIF2LY",4
"Homeo domain","TALE-type","TGIF2LX",3
"Homeo domain","HD-CUT","CUX1",167
"Homeo domain","HD-CUT","ONECUT1",350
"Homeo domain","HD-CUT","CUX2",138
"Homeo domain","HD-CUT","ONECUT3",6
"Homeo domain","HD-CUT","SATB1",27
"Homeo domain","HD-LIM","ISL1",93
"Homeo domain","HD-LIM","LHX2",564
"Homeo domain","HD-LIM","LMX1A",292
"Homeo domain","HD-LIM","LHX6",90
"Homeo domain","HD-LIM","LMX1B",138
"Homeo domain","HD-LIM","LHX3",185
"Homeo domain","HD-LIM","ISL2",396
"Homeo domain","HD-LIM","LHX9",620
"Homeo domain","HD-LIM","LHX5",298
"Homeo domain","HD-PROS","PROX1",57
"Homeo domain","HD-SINE","SIX1",87
"Homeo domain","HD-SINE","SIX2",81
"Homeo domain","HD-ZF","ZEB1",1313
"Homeo domain","HOX","HOXC9",502
"Homeo domain","HOX","CDX2",293
"Homeo domain","HOX","HOXB13",347
"Homeo domain","HOX","HOXB4",76
"Homeo domain","HOX","HOXC13",58
"Homeo domain","HOX","MEOX1",144
"Homeo domain","HOX","MEOX2",272
"Homeo domain","HOX","PDX1",113
"Homeo domain","HOX","CDX1",802
"Homeo domain","HOX","HOXA1",161
"Homeo domain","HOX","HOXA10",72
"Homeo domain","HOX","HOXA4",44
"Homeo domain","HOX","HOXA9",235
"Homeo domain","HOX","HOXB7",589
"Homeo domain","HOX","HOXC8",152
"Homeo domain","HOX","HOXD9",236
"Homeo domain","HOX","HOXD10",53
"Homeo domain","HOX","HOXB8",99
"Homeo domain","HOX","HOXC4",21
"Homeo domain","HOX","GBX2",107
"Homeo domain","HOX","GSX1",196
"Homeo domain","HOX","CDX4",119
"Homeo domain","HOX","HOXD8",55
"Homeo domain","HOX","EVX1",135
"Homeo domain","HOX","GBX1",27
"Homeo domain","HOX","HOXA2",186
"Homeo domain","HOX","HOXB2",87
"Homeo domain","HOX","HOXB3",82
"Homeo domain","HOX","MNX1",90
"Homeo domain","HOX","HOXA6",168
"Homeo domain","HOX","HOXB6",13
"Homeo domain","HOX","HOXB9",317
"Homeo domain","HOX","HOXC10",33
"Homeo domain","HOX","HOXD12",39
"Homeo domain","HOX","HOXD11",86
"Homeo domain","HOX","HOXA13",190
"Homeo domain","HOX","HOXD3",233
"Homeo domain","HOX","HOXD4",11
"Homeo domain","HOX","HOXA5",11
"Homeo domain","HOX","HOXB5",24
"Homeo domain","HOX","HOXA7",26
"Homeo domain","HOX","HOXC12",4
"Homeo domain","HOX","EVX2",55
"Homeo domain","HOX","GSX2",36
"Homeo domain","NK","EMX2",94
"Homeo domain","NK","MSX1",741
"Homeo domain","NK","NKX2-1",493
"Homeo domain","NK","VAX1",88
"Homeo domain","NK","NKX6-1",244
"Homeo domain","NK","NKX6-2",30
"Homeo domain","NK","NKX6-3",106
"Homeo domain","NK","NKX3-1",100
"Homeo domain","NK","DLX1",500
"Homeo domain","NK","EN2",238
"Homeo domain","NK","MSX2",637
"Homeo domain","NK","NKX2-5",849
"Homeo domain","NK","NKX3-2",870
"Homeo domain","NK","DLX3",164
"Homeo domain","NK","EN1",94
"Homeo domain","NK","LBX1",407
"Homeo domain","NK","NKX2-4",133
"Homeo domain","NK","BARHL1",239
"Homeo domain","NK","EMX1",75
"Homeo domain","NK","BARHL2",66
"Homeo domain","NK","NKX2-8",343
"Homeo domain","NK","BARX2",40
"Homeo domain","NK","NOTO",37
"Homeo domain","NK","DLX6",49
"Homeo domain","NK","NKX2-3",109
"Homeo domain","NK","LBX2",6
"Homeo domain","NK","VENTX",10
"Homeo domain","NK","TLX2",39
"Homeo domain","NK","BARX1",35
"Homeo domain","NK","NANOG",14
"Homeo domain","NK","BSX",15
"Homeo domain","NK","VAX2",15
"Homeo domain","NK","NKX2-2",2
"Homeo domain","P-related_HD","ALX3",121
"Homeo domain","P-related_HD","OTX1",196
"Homeo domain","P-related_HD","OTX2",128
"Homeo domain","P-related_HD","PITX1",557
"Homeo domain","P-related_HD","PITX2",1027
"Homeo domain","P-related_HD","PRRX1",339
"Homeo domain","P-related_HD","PITX3",126
"Homeo domain","P-related_HD","PHOX2A",84
"Homeo domain","P-related_HD","PRRX2",765
"Homeo domain","P-related_HD","DUX4",214
"Homeo domain","P-related_HD","MIXL1",48
"Homeo domain","P-related_HD","NOBOX",43
"Homeo domain","P-related_HD","VSX1",55
"Homeo domain","P-related_HD","VSX2",85
"Homeo domain","P-related_HD","ARGFX",268
"Homeo domain","P-related_HD","DPRX",64
"Homeo domain","P-related_HD","ALX1",6
"Homeo domain","P-related_HD","CRX",30
"Homeo domain","P-related_HD","UNCX",60
"Homeo domain","P-related_HD","RAX2",14
"Homeo domain","P-related_HD","DRGX",23
"Homeo domain","P-related_HD","RAX",33
"Homeo domain","P-related_HD","SHOX",44
"Homeo domain","P-related_HD","ESX1",30
"Homeo domain","P-related_HD","HESX1",24
"Homeo domain","P-related_HD","GSC",21
"Homeo domain","P-related_HD","ISX",22
"Homeo domain","P-related_HD","PROP1",46
"Homeo domain","P-related_HD","DUXA",16
"Homeo domain","P-related_HD","GSC2",6
"Homeo domain","P-related_HD","PHOX2B",2
"Homeo domain","P-related_HD","RHOXF1",7
"Homeo domain","POU","POU2F2",415
"Homeo domain","POU","POU6F2",119
"Homeo domain","POU","POU4F2",6
"Homeo domain","POU","POU4F3",7
"Homeo domain","POU","POU2F1",127
"Homeo domain","POU","POU2F3",43
"Homeo domain","POU","POU5F1",361
"Homeo domain","POU","POU6F1",389
"Homeo domain","POU","HNF1A",13
"Homeo domain","POU","HNF1B",11
"Homeo domain","POU","POU3F4",190
"Homeo domain","POU","POU5F1B",100
"Homeo domain","POU","POU3F2",220
"Homeo domain","POU","POU3F1",266
"Homeo domain","POU","POU3F3",9
"Homeo domain","POU","POU4F1",7
"Homeo domain","POU","HMBOX1",16
"Homeo domain","POU","POU1F1",1
"Nuclear receptors with C4 zinc fingers","NR3","ESR1",123
"Nuclear receptors with C4 zinc fingers","NR3","AR",44
"Nuclear receptors with C4 zinc fingers","NR3","ESRRB",176
"Nuclear receptors with C4 zinc fingers","NR3","ESRRG",86
"Nuclear receptors with C4 zinc fingers","NR3","ESRRA",105
"Nuclear receptors with C4 zinc fingers","NR3","NR3C1",16
"Nuclear receptors with C4 zinc fingers","NR3","ESR2",46
"Nuclear receptors with C4 zinc fingers","NR3","PGR",28
"Nuclear receptors with C4 zinc fingers","NR1","RARA",11
"Nuclear receptors with C4 zinc fingers","NR1","RORA",479
"Nuclear receptors with C4 zinc fingers","NR1","NR1H4",11
"Nuclear receptors with C4 zinc fingers","NR1","NR1I3",41
"Nuclear receptors with C4 zinc fingers","NR1","NR1D1",28
"Nuclear receptors with C4 zinc fingers","NR1","RORC",137
"Nuclear receptors with C4 zinc fingers","NR1","RORB",119
"Nuclear receptors with C4 zinc fingers","NR1","PPARA",20
"Nuclear receptors with C4 zinc fingers","NR1","PPARG",13
"Nuclear receptors with C4 zinc fingers","NR1","THRB",6
"Nuclear receptors with C4 zinc fingers","NR1","THRA",8
"Nuclear receptors with C4 zinc fingers","NR1","PPARD",5
"Nuclear receptors with C4 zinc fingers","NR1","RARG",7
"Nuclear receptors with C4 zinc fingers","NR1","NR1D2",3
"Nuclear receptors with C4 zinc fingers","NR1","RARB",3
"Nuclear receptors with C4 zinc fingers","NR1","NR1H3",6
"Nuclear receptors with C4 zinc fingers","NR2","HNF4A",202
"Nuclear receptors with C4 zinc fingers","NR2","NR2F2",452
"Nuclear receptors with C4 zinc fingers","NR2","NR2C2",182
"Nuclear receptors with C4 zinc fingers","NR2","RXRA",25
"Nuclear receptors with C4 zinc fingers","NR2","HNF4G",9
"Nuclear receptors with C4 zinc fingers","NR2","NR2C1",78
"Nuclear receptors with C4 zinc fingers","NR2","RXRB",239
"Nuclear receptors with C4 zinc fingers","NR2","NR2F6",10
"Nuclear receptors with C4 zinc fingers","NR2","NR2F1",76
"Nuclear receptors with C4 zinc fingers","NR2","RXRG",12
"Nuclear receptors with C4 zinc fingers","NR4","NR4A1",243
"Nuclear receptors with C4 zinc fingers","NR4","NR4A2",729
"Nuclear receptors with C4 zinc fingers","NR5","NR5A2",195
"Nuclear receptors with C4 zinc fingers","NR5","NR5A1",327
"Nuclear receptors with C4 zinc fingers","NR6","NR6A1",23
"RHR","NF-kappaB","NFKB1",361
"RHR","NF-kappaB","RELA",945
"RHR","NF-kappaB","REL",563
"RHR","NF-kappaB","RELB",249
"RHR","NF-kappaB","NFKB2",255
"RHR","CSL","RBPJ",1442
"RHR","NFAT","NFATC1",78
"RHR","NFAT","NFATC4",524
"RHR","NFAT","NFATC2",203
"RHR","NFAT","NFATC3",249
"RHR","B-Cell","EBF1",294
"RHR","B-Cell","EBF3",16
"bHLH","bHLH-ZIP","MAX",537
"bHLH","bHLH-ZIP","MITF",467
"bHLH","bHLH-ZIP","MLX",45
"bHLH","bHLH-ZIP","MLXIPL",106
"bHLH","bHLH-ZIP","MNT",62
"bHLH","bHLH-ZIP","MXI1",185
"bHLH","bHLH-ZIP","MYC",1204
"bHLH","bHLH-ZIP","MYCN",413
"bHLH","bHLH-ZIP","SREBF1",466
"bHLH","bHLH-ZIP","SREBF2",354
"bHLH","bHLH-ZIP","TFAP4",559
"bHLH","bHLH-ZIP","TFE3",426
"bHLH","bHLH-ZIP","TFEB",226
"bHLH","bHLH-ZIP","USF1",130
"bHLH","bHLH-ZIP","USF2",93
"bHLH","bHLH-ZIP","TFEC",139
"bHLH","E2A","TCF12",842
"bHLH","E2A","TCF3",973
"bHLH","E2A","TCF4",1413
"bHLH","Hairy","HEY1",546
"bHLH","Hairy","HES2",100
"bHLH","Hairy","HES6",320
"bHLH","Hairy","BHLHE40",103
"bHLH","Hairy","HES1",268
"bHLH","Hairy","HES5",305
"bHLH","Hairy","HEY2",388
"bHLH","Hairy","BHLHE41",153
"bHLH","Hairy","HES7",6
"bHLH","MyoD_ASC","ASCL1",1215
"bHLH","MyoD_ASC","MYF5",82
"bHLH","MyoD_ASC","MYOG",183
"bHLH","MyoD_ASC","MYF6",585
"bHLH","MyoD_ASC","MYOD1",288
"bHLH","PAS","ARNT2",97
"bHLH","PAS","ARNTL",132
"bHLH","PAS","CLOCK",249
"bHLH","PAS","HIF1A",1040
"bHLH","PAS","ARNT",57
"bHLH","PAS","EPAS1",83
"bHLH","PAS","SOHLH2",54
"bHLH","PAS","AHR",13
"bHLH","PAS","TCFL5",42
"bHLH","Tal","ATOH1",198
"bHLH","Tal","BHLHA15",365
"bHLH","Tal","NHLH1",459
"bHLH","Tal","ATOH7",70
"bHLH","Tal","NEUROD1",268
"bHLH","Tal","NEUROG1",93
"bHLH","Tal","OLIG2",98
"bHLH","Tal","TAL1",38
"bHLH","Tal","FIGLA",171
"bHLH","Tal","MSC",126
"bHLH","Tal","HAND2",334
"bHLH","Tal","NEUROD2",67
"bHLH","Tal","NEUROG2",463
"bHLH","Tal","OLIG1",71
"bHLH","Tal","TCF21",27
"bHLH","Tal","NHLH2",68
"bHLH","Tal","BHLHE22",315
"bHLH","Tal","BHLHE23",15
"bHLH","Tal","FERD3L",6
"bHLH","Tal","OLIG3",28
"bHLH","Tal","PTF1A",17
"bHLH","Tal","LYL1",11
"bHLH","Tal","TWIST1",2
"bHSH","AP-2","TFAP2A",521
"bHSH","AP-2","TFAP2B",1474
"bHSH","AP-2","TFAP2C",503
"bHSH","AP-2","TFAP2E",50
"C2CH THAP-type","THAP","THAP1",74
"C2CH THAP-type","THAP","THAP11",1
"DM-type intertwined zinc finger","DMRT","DMRTA2",56
"DM-type intertwined zinc finger","DMRT","DMRT3",88
"DM-type intertwined zinc finger","DMRT","DMRTA1",26
"DM-type intertwined zinc finger","DMRT","DMRTC2",4
"Fork head   winged helix","E2F","E2F2",458
"Fork head   winged helix","E2F","E2F3",448
"Fork head   winged helix","E2F","E2F5",96
"Fork head   winged helix","E2F","E2F6",265
"Fork head   winged helix","E2F","TFDP1",427
"Fork head   winged helix","E2F","E2F4",125
"Fork head   winged helix","E2F","E2F7",113
"Fork head   winged helix","E2F","E2F8",17
"Fork head   winged helix","E2F","E2F1",159
"Fork head   winged helix","FOX","FOXK1",824
"Fork head   winged helix","FOX","FOXO1",94
"Fork head   winged helix","FOX","FOXO3",603
"Fork head   winged helix","FOX","FOXO6",1107
"Fork head   winged helix","FOX","FOXA1",623
"Fork head   winged helix","FOX","FOXA2",510
"Fork head   winged helix","FOX","FOXA3",254
"Fork head   winged helix","FOX","FOXC2",105
"Fork head   winged helix","FOX","FOXG1",747
"Fork head   winged helix","FOX","FOXL1",477
"Fork head   winged helix","FOX","FOXM1",323
"Fork head   winged helix","FOX","FOXO4",682
"Fork head   winged helix","FOX","FOXP1",726
"Fork head   winged helix","FOX","FOXP3",283
"Fork head   winged helix","FOX","FOXJ2",283
"Fork head   winged helix","FOX","FOXK2",127
"Fork head   winged helix","FOX","FOXD1",820
"Fork head   winged helix","FOX","FOXD3",21
"Fork head   winged helix","FOX","FOXH1",230
"Fork head   winged helix","FOX","FOXN3",381
"Fork head   winged helix","FOX","FOXP2",671
"Fork head   winged helix","FOX","FOXJ3",245
"Fork head   winged helix","FOX","FOXC1",324
"Fork head   winged helix","FOX","FOXI1",799
"Fork head   winged helix","FOX","FOXB1",145
"Fork head   winged helix","FOX","FOXD2",24
"Fork head   winged helix","FOX","FOXQ1",91
"Fork head   winged helix","FOX","FOXE1",2
"Fork head   winged helix","FOX","FOXF2",6
"Fork head   winged helix","RFX","RFX7",6
"Fork head   winged helix","RFX","RFX5",12
"Fork head   winged helix","RFX","RFX1",1
"Fork head   winged helix","RFX","RFX3",4
"GCM","GCM","GCM2",57
"GCM","GCM","GCM1",26
"Grainyhead","CP2","TFCP2",190
"Grainyhead","Grainyhead","GRHL2",212
"Grainyhead","Grainyhead","GRHL1",118
"Heteromeric CCAAT-binding","CCAAT","NFYA",200
"Heteromeric CCAAT-binding","CCAAT","NFYB",101
"Heteromeric CCAAT-binding","CCAAT","NFYC",76
"MADS box","differentiation","MEF2A",130
"MADS box","differentiation","MEF2C",60
"MADS box","differentiation","MEF2D",165
"MADS box","differentiation","MEF2B",32
"Other C4 zinc finger-type","GATA","GATA1",153
"Other C4 zinc finger-type","GATA","GATA3",710
"Other C4 zinc finger-type","GATA","GATA4",1119
"Other C4 zinc finger-type","GATA","GATA2",754
"Other C4 zinc finger-type","GATA","TRPS1",280
"Other C4 zinc finger-type","GATA","GATA6",166
"Other C4 zinc finger-type","GATA","GATA5",428
"Paired box","Paired_plus","PAX3",841
"Paired box","Paired_plus","PAX4",138
"Paired box","Paired_plus","PAX6",42
"Paired box","Paired","PAX3",841
"Paired box","Paired","PAX4",138
"Paired box","Paired","PAX6",42
"Paired box","Paired","PAX5",110
"Runt","Runt","RUNX1",574
"Runt","Runt","RUNX2",243
"Runt","Runt","RUNX3",503
"SAND","GMEB","GMEB2",23
"SMAD NF-1","Nuclear","NFIA",496
"SMAD NF-1","Nuclear","NFIX",130
"SMAD NF-1","Nuclear","NFIC",142
"SMAD NF-1","SMAD","SMAD3",724
"SMAD NF-1","SMAD","SMAD4",30
"SMAD NF-1","SMAD","SMAD2",813
"SMAD NF-1","SMAD","SMAD5",164
"STAT","STAT","STAT1",377
"STAT","STAT","STAT3",534
"STAT","STAT","STAT5B",32
"STAT","STAT","STAT5A",308
"STAT","STAT","STAT6",342
"STAT","STAT","STAT4",33
"STAT","STAT","STAT2",27
"T-Box","TBrain","TBR1",745
"T-Box","TBrain","TBX21",212
"T-Box","TBrain","EOMES",20
"T-Box","TBX1","TBX15",521
"T-Box","TBX1","TBX18",55
"T-Box","TBX1","TBX20",136
"T-Box","TBX1","TBX1",551
"T-Box","TBX2","TBX2",148
"T-Box","TBX2","TBX3",523
"T-Box","TBX2","TBX5",996
"T-Box","TBX2","TBX4",611
"T-Box","TBX6","MGA",176
"TATA-binding","TBP","TBP",422
"TEA","TEF-1","TEAD1",269
"TEA","TEF-1","TEAD3",377
"TEA","TEF-1","TEAD4",277
"TEA","TEF-1","TEAD2",71
"Tryptophan cluster","Ets","ELK1",264
"Tryptophan cluster","Ets","ELK4",309
"Tryptophan cluster","Ets","ETS1",1713
"Tryptophan cluster","Ets","ETV3",445
"Tryptophan cluster","Ets","FEV",277
"Tryptophan cluster","Ets","ETS2",388
"Tryptophan cluster","Ets","ETV1",301
"Tryptophan cluster","Ets","ETV4",1458
"Tryptophan cluster","Ets","ETV5",1199
"Tryptophan cluster","Ets","ETV6",636
"Tryptophan cluster","Ets","ERF",210
"Tryptophan cluster","Ets","ERG",55
"Tryptophan cluster","Ets","FLI1",477
"Tryptophan cluster","Ets","SPDEF",85
"Tryptophan cluster","Ets","SPI1",94
"Tryptophan cluster","Ets","GABPA",53
"Tryptophan cluster","Ets","ELF4",28
"Tryptophan cluster","Ets","ETV7",184
"Tryptophan cluster","Ets","ELK3",52
"Tryptophan cluster","Ets","ETV2",129
"Tryptophan cluster","Ets","SPIB",67
"Tryptophan cluster","Ets","ELF3",18
"Tryptophan cluster","Ets","EHF",40
"Tryptophan cluster","Ets","ELF5",36
"Tryptophan cluster","Ets","SPIC",5
"Tryptophan cluster","Ets","ELF2",17
"Tryptophan cluster","Ets","ELF1",25
"Tryptophan cluster","Interferon","IRF7",293
"Tryptophan cluster","Interferon","IRF6",175
"Tryptophan cluster","Interferon","IRF4",15
"Tryptophan cluster","Interferon","IRF8",4
"Tryptophan cluster","Interferon","IRF3",2
"Tryptophan cluster","Interferon","IRF9",26
"Tryptophan cluster","Interferon","IRF5",3
"Tryptophan cluster","Interferon","IRF2",2
"Tryptophan cluster","Interferon","IRF1",2
"Tryptophan cluster","Myb_SANT","SMARCA1",32
"Tryptophan cluster","Myb_SANT","MYB",144
"Tryptophan cluster","Myb_SANT","MYBL2",5
"Tryptophan cluster","Myb_SANT","SMARCA5",6
"Tryptophan cluster","Myb_SANT","MSANTD3",3
"Tryptophan cluster","Myb_SANT","MYBL1",20
"Uncharacterized","NRF","NRF1",15
"unknown","unknown","MECP2",993
"unknown","unknown","MBD2",162
"unknown","unknown","CBFB",97
"Heat shock","HSF","HSF1",1
"p53","p53","TP73",1
"p53","p53","TP63",9
